{"MSE": 32417578.732281692, "R2": 0.7192026007091548}